id,name
35,Freedom
37,"Freedom Cafe"
38,"Freedom Restaurant"
39,"Raja Ferry"
40,"EPIC Entertainment"
41,Xpheres
42,"BKK CF"
43,"Mustache Bangkok (Inactive)"
45,"Sobta Next"
47,"Amari Watergate Bangkok"
48,"Mystic Valley Festival"
49,"Octo Sukhumvit"
53,"Happy Fish Asiatique"
54,"Nihon Saiseisakaba"
55,Sobtacafe
56,"Shu Daxia"
57,Sukapap
58,theCOMMONS
59,Bitazzans
60,"TERO Entertainment"
61,"SALA Hospitality Group"
62,"Heaven of Weed"
63,BitSpace
64,"Bored Town"
65,"Satit Prasarnmit Int. Programme"
66,"Gulp BKK"
67,"Freedom Mall"
68,"Rosie Master by Madam Marie"
69,"Bitcoin Addict Thailand"
70,"Chinese Business Chamber (Mauritius)"
71,"Lincha Hot Pot"
72,"Mee Khwam Sook"
73,"Dof Pay"
74,TOTO_B
75,"Tung Community"
76,rpy
77,Nobbie
78,"Da Box Store"
79,Seenspace
80,"Lada Test"
81,Centara
82,"Freedom Fashion"
83,SOFTEVENTS
84,"Anek FreeWifi Company"
85,"Burapha University SO"
86,"TOTO Be & 13"
87,"Tung Community 02"
88,"Tung Community 3"
89,"Tun Community 4"
90,"David's World"
91,"Community's 1"
92,"Community's 2"
93,Test
94,"Community's 3"
95,"UOSurrey ThaiSoc 23'24"
96,CeylonCash
97,"Imperial Thai Society"
98,"Sandboxen Community"
99,"CMU Student Union"
100,FUSE
101,Heng
102,"Thai Nichi Club"
103,TES
104,"eSport World"
105,"Buddha's Kush Street"
106,Test123456
107,FunWorld
108,"Ricco Wealth"
109,"Test 3"
110,TheFuseTeam
111,"Happy Point"
112,"Bristol Thai Society"
113,"Freedom Run"
114,"Malaysian Thai Chamber of Commerce"
115,"PSU Student Organization"
116,"Tung Community 03"
117,"Bath Thai Society"
118,"Bitazza Thailand"
119,"Sami's Community"
120,"Bravo BKK"
121,Reza
122,Satsetjp
123,"Airdrop Finder"
124,Binance
125,Rungrot
126,Rungrot44
127,SCH
128,TestLN
129,Pingpong
130,Richland
131,Aant
132,"UOR Freedom Community"
133,"University of Moratuwa"
134,"Hello test"
135,"University of Ruhuna"
136,UOR
137,"University of Uva Wellassa"
138,NSBM
139,"Lumphini Runners Club"
140,Bdg
141,"Ocean University"
142,"University of Colombo"
143,"EDM Addicts"
144,BaBa747
145,Token
146,SLIIT
147,"Hello It's me Frame"
148,"PATTAWAN AIMAIAM"
149,Frame02
150,Eaknarak9
151,Kmall
152,"Naksu Community"
153,"Cool Community"
154,"Sobers Fund"
155,coffee
156,"Devs LK"
157,Pkk
158,"Community 1"
159,Dota
160,"Food Sukhumvit"
161,"The Boston"
162,"Freedom Bot Dev Community"
163,"Gold Trader"
164,Ksilpawi
165,"The Best Food In Sukhumvit"
166,"Freedom Dream"
167,"Hardstyle Thailand"
168,Headbanger
169,CNX
170,game209114
171,SUPREME
172,Beyondza
173,"Pug lovers"
174,"My Test Community"
175,"Dog Lovers"
176,Zadi080
177,"Freedom Planets"
178,NATIONAL3
179,"My Club"
180,"Trader United"
181,"Segment 2"
182,"Segment Test"
183,ArisaJirapaandfriends
184,QbitAI
185,Bizhub
186,Beyondzaworld
187,etcoinsparty
188,HomeShopping
189,"Kim's Kollective"
190,Footballista
191,"Trance Lovers Thailand"
192,"Deen Coin"
193,DeenCoin
194,"DC TOKEN"
195,"DeenCoin Thailand"
196,"DeenCoin Dc Token"
197,"CMM Community"
198,Community
199,URBAN
200,DNTLN
201,"Camera Wifi SD Card 64GB"
202,Koravick
203,"Pixiz world"
204,ECO
205,"Community's 4"
206,"Community's 5"
207,"Community's 6"
208,"Paopao Racing Shop"
209,Patherine
210,wqe
211,Fun
212,"Freedom Fashion X"
213,Testing
214,Testing023
215,gosh
216,Suwanjatuporn
217,Kelaniya
218,M8
219,FANSummer
220,"Festicket Hub"
221,"Baby Rent Coin"
222,WisdomWave
223,CryptoAnbu
224,BOOMw
225,"Community's 7"
226,"Community's 8"
227,"Club2 VIP"
228,Travio
229,Toonkhong
230,"VERSO HACK"
231,"Community's 9"
232,Sample
233,"Ocean Burger"
234,Lin
235,pekopung
236,"WE ECO"
237,"Happyseoul Creator"
238,"Jaes Brand"
239,ThaThree001
240,Billsids
241,"Tom Community"
242,bitmybe
243,"Baan Ratchaburi"
244,"FDW Perf Testing"
245,"FDW QA Community"
246,Irismaelan
247,"Iris Mae Lan"
248,"Digital Assets LK"
249,"Zara e"
250,"Jukkapong petjumrud"
251,"Cafe hoophoop"
252,Mommam
253,"Mystic Valley Fairy Quest"
254,CryptoLanka
255,Nob
256,"Crypto Cirqle"
257,"Crypto Lanka"
258,Phatharawat
259,"Community's 10"
260,"Community's 11"
261,Diw
262,EcoBurger
263,Nay
264,"Freedom UXUI"
265,"Mystic Valley Photobooth"
266,FINT
267,"Moo Test's Commu on Prod 1"
268,"Moo Test's Commu on Prod 2"
269,"KK NEIGHBORHOOD"
270,CHETSADA
271,"Savvy Swag"
272,"Mystic Valley Fairy Quests"
273,AUTOGAME
274,AUTOGAME888
275,"Drone Vidya"
276,"Artist DJ"
277,"DIY Crochet Community"
278,thatchkorn159
279,"I Do"
280,Jimin
281,Titanium
282,fiance
283,Softubon
284,Ggg
285,"TechTalk 360"
286,VERSOverse
287,NTWORLD
288,"Amazing Thailand"
289,DuMu4
290,AAAAAAAAAAAAAA
291,"Segment test 2"
292,XRBData
293,Mul2Mouth
294,Tinder18
295,"Bitazza Global"
296,"Freedom Card"
297,"Charles Test"
298,"Moo Community"
299,Testing123
300,"OG Canna"
301,"Postcards From Around the World"
302,"Oracuse Digital"
303,"Jen test"
304,"Gognumb Tech"
305,Testtt
306,"Multi Token"
307,Private2ndCommunity
308,"BEACH CLEAN TEAM"
309,"Tune Community 5"
310,"Tung Community 6"
311,"Tung Community 7"
312,Boozia
313,SUNSKY
314,"AZMIDA TECNICAL COLLEGE"
315,TNI-AC-Staffs
316,"MT TEST"
317,Shopcore
318,ma
319,"SPIP Alumni Association"
320,"Fixme Clinic"
321,"Phichaiphun Yingyong"
322,testtracking1
323,testtracking2
324,testracking5
325,Testfbtracking1
326,Testformelement1
327,"My Dream energy make for life"
328,aaaa
329,testelement
330,testingform2
331,"Test Charles"
332,TESTTTTTTT
333,"Rux AI robot Letianpai"
334,Coachdaa
335,"TomYum Koong"
336,"Bittaza coachdaa"
337,"MTTM World"
338,"Tony hawk"
339,"My Club4"
340,"Community's 12"
341,"Furry Mufflephant NFTs"
342,Relax
343,twerw
344,TestJa
345,Hattayakarnyook
346,testtttt
347,ANN&NEW
348,"Test Tracking"
349,"TEST 2"
350,Chootrakool
351,"Delta adventure"
352,GreenConnect
353,Gaming
354,Game
355,MKS
356,XE1
357,teset
358,Freedomworldnew253
359,STE
360,"Yiz Entertainment"
361,OktoberFest
362,test2992
363,Kwansogood
364,"Please ignore"
365,FreeNine
366,Harmony
367,"Betta Fish Thailand"
368,ex-aoooooew
369,thai-thaithai
370,"Drama Lovers"
371,PakFreeDunya
372,"Kanna Taj"
373,DeSOC-1
374,"Angkringan ndelik"
375,"TNI Community"
376,Jaktrawut
377,Suandokmai
378,"JM Korean"
379,Rune-Midgarts
380,Glacialisz
381,"TNI Student Loan"
382,Sakkarin
383,NexgenAith
384,"Thammasat Design School Major Real Estate Development"
385,"TNI Societies and Clubs"
386,"NPP Group"
387,"Bojji world"
388,"NPP Group2"
389,"NPP Group3"
390,"Bojji world 2"
391,"Great Community"
392,"NPP Group4"
393,"Bojji world 3"
394,"Kawin Dis01"
395,"My Community"
396,Pak
397,"Moo Crypto"
398,Fern
399,"Heng Family"
400,"Team Heng"
401,"Test commity"
402,f's
403,Vanguard
404,"XRB DATA"
405,"Petite Atelier Community"
406,Gastontastic
407,"NO USE"
408,"Tyna Sunshine"
409,"Discover Thailand"
410,"VERSO X"
411,"YoYo Land"
412,"Community's 13"
413,"Lamb of God"
414,ok56789
415,"BTZ Mingle"
416,TP777
417,A-home1979
418,"Gift of Happiness Foundation"
419,Chaba
420,SSTown
421,"Poppee Reggae Thongdang"
422,"Gin Lom Chom Hill Nong Bua Lamphu"
423,"Kathy Commu"
424,VERSOalumni
425,"True Hyper Fiber"
426,gogocoffee
427,"MLPY School"
428,"Red Lagoon Hotel"
429,"Red Flower Hotel"
430,D-School
431,"PLEARN world"
432,ONYX
433,CHAMOTTO
434,"happy hour"
435,"Veeraphat Technological College"
436,"Baan Unrak Foundation"
437,DigitalTools
438,Keng
439,NobbieCafe
440,"Furry Mufflephant"
441,BeeKeePer
442,PromptLab
443,"Freedom Fantasy Football"
444,eFootball2024
445,testuserjourney
446,"Favela Inc"
447,ToiToi
448,"With Consideration of"
449,"Based on Earth"
450,aaa
451,OceanRise
452,"NPP Group66"
453,aaaaadasd
454,holdngarn
455,TEST019
456,1Notuse
457,"BD Squad"
458,"Creative Trends"
459,"CSE Reward Community"
460,TestApollo11
461,community1
462,community2
463,community3
464,community4
465,WEALTHTHAI
466,"Unique Samui Travel"
467,"X-Quad Samui"
468,"FIZZ Beachlounge"
469,"Infinity Koh Tao"
470,Turtle22
471,"Thaita italian restaurant"
472,"Bangkok Community Help Foundation"
473,sudjudza
474,mynewcm
475,"The Gallery Koh Tao"
476,"59 Boho Chic"
477,"JackBar Haad Salad"
478,"Tiki Beach Koh Phangan"
479,community5
480,RetromountainKohPhangan
481,"Tadasana Yoga & Sound Healing"
482,"Ko Tao Resort Paradise"
483,"Thai Rent A Car"
484,"Summer Rays Beach Club"
485,Patty
486,"Fin coin"
487,"Khao Horm Samui"
488,"Test Community"
489,"Ko Tao Resort Paradise Zone"
490,"The Thai Tapas"
491,"The Thai Tacos"
492,testingkyc
493,"Loccos PizzaBar Koh Phangan"
494,"Bojji testing"
495,"Kruasavoey Samui"
496,"Highsea Tour"
497,EasyKart
498,DOLEMAPPHAI
499,"Seaside Bar & Restaurant"
500,"Krua Chao Baan"
501,1Moby
502,"want to web3"
503,"Gaia cafe"
504,"Test Communty Pat 1234"
505,"Test Patty Community 3"
506,"Test Pat Community 1234"
507,"Bojji commu KYC1"
508,"Bojji commu KYC2"
509,"Bojji commu KYC3"
510,Soberin
511,"El Paso"
512,"Test Community 123456"
513,"The Grounds X Siam cookies"
514,"Test Community 1234567"
515,"Bojji commu KYC4"
516,"Test Community Pat 1234556778"
517,"Test Communty Patty 1234667810"
518,"We Love Thailand"
519,WeLoveThailand
520,Thailand3island
521,GuyThailand
522,WeloveTravel
523,Traveltoisland
524,"Test Communication Patty 123123123123"
525,"Eat co"
526,"Blue Heaven Restaurant Koh Tao"
527,Test12
528,testnvo
529,testnvo1
530,testnvo2
531,testnvo3
532,"Test Community Patty Samu 1234567"
533,"AI GOOD 2024"
534,"Test Community Patty 1234567789"
535,"Test Community Patty 1234567890"
536,Oni-Yuri
537,"Namreka Sanctuary"
538,Blue
539,Yeiworl
540,"Near Me Hostel and Bistro"
541,"Loft Hostel Koh Tao"
542,"Beach Lounge"
543,"Vibe Adventures"
544,testing123456
545,"Burma Kitchen"
546,"Pyramid Koh Phangan"
547,domecloud
548,BeachLounge
549,Trolfdgk
550,"My nail and spa"
551,"Nail on the beach"
552,"Rov world"
553,"benjamin herrera gonzalez"
554,Miku
555,"KO GROUP"
556,"Los Imparable"
557,Conectazone
558,"Tony Test"
559,"TNI Alumni Association"
560,"TNI Alumni"
561,umkmindonesia
562,umkmindo
563,"Bojji commu KYC console"
564,STUDIO1923
565,"quick test internal"
566,"CELES SAMUI"
567,"Internal test"
568,"Internal testing"
569,"Internal testinggg"
570,"Internal testing community"
571,cherry
572,"Internal testinggggg"
573,"Internal testingggg"
574,"Guy Testing"
575,"Not Cafe COB"
576,"Not cafe COB2"
577,"asap officialshop"
578,"asap car rental"
579,"PHANGAN BADMINTON"
580,"WeMaths คณิตศาสตร์ออนไลน์"
581,"Piggy Adventurers Hub"
582,"Adventure Seekers Hub"
583,"Tech KYC Innovators"
584,"Noo use"
585,"Learn with DONUZZ"
586,"Banana Bread Brigade"
587,"BMN MALLS"
588,"Future Tech Squad"
589,BDA
590,"EcoPlayer Alliance"
591,"Smack One"
592,"Skill Share Squad"
593,"Sustainable Tech Hub"
594,"Café KOB Bophut"
595,"Café KOB By the sea"
596,"Café KOB Homegrown"
597,"Café KOB Seaside"
598,"Café KOB Wattanapat"
599,"Café KOB Koh Phangan"
600,"Fluent Fusion Force"
601,"Create Inspire Connect"
602,"Code Tech Education Community"
603,"Highthemoon kohtao "
604,"Sangha Yoga"
605,"majestic spa"
606,"CHADA Chef's Table"
607,"Sparkle & Shine Club"
608,"Koh Samui Dreamers"
609,"Code Samui"
610,"Testing Charles"
611,"ShareSubs Fun Zone"
612,"Athlete Artists Union"
613,"Classroom Tech Connect"
614,NiYomSuk
615,"Explorar Koh Samui"
616,"Tech Innovation League"
617,"Explorar Koh Phangan"
618,"Wellness Point Unity"
619,"Social Bot Hub"
620,"Gamo Gaming"
621,"MCC SWD Alumni (Aided)"
622,"Marketers Unite"
623,"UX Goats"
624,"Pro Gaming League"
625,"Secret of Samui"
626,"Investment Insight Meet"
627,"LearnForward Group"
628,PureAndBright
629,"Creative Testing Hub"
630,"PlayUnited Clan"
631,"Wellness Aroma Oil Therapy "
632,"Spike Community"
633,"Educate 7777"
634,"Peaceful Puu Tribe"
635,"Collaborate Artistic Vision"
636,5F
637,"TeachTech Community"
638,"Ecom Wellness Connect"
639,"Connect Gamers Forever"
640,"Pattaya Travel Hub 🏖️"
641,"Happiness in Thailand"
642,"Lingo Olympia"
643,แฟชั่นคนออฟฟิศ
644,"79 Beach Club"
645,"Dish Discovery"
646,"Tasty Table Talk"
647,"Remote Beauty Tribe"
648,"Love Loop"
649,"Dudka Bar"
650,"Thaivet Market ไครไคร่ค้า"
651,นิยายสไตล์ฮาลาปัญ
652,"New Tech"
653,"Fit Fusion Network"
654,"Thaicheckers "
655,"Future Tech Connect"
656,"Brota "
657,"GameGlot Guild"
658,"Chi Samui Resort"
659,p.sherakul
660,"Student Sparks Network"
661,"Starforce Gaming Clan"
662,Teestt
663,"Yokthip Southern Massage and Spa School"
664,"Goodtime Adventures"
665,"Secret of Phangan"
666,"The Commons Collective"
667,Factsblender
668,"Geek Squad Space"
669,"Language Skills Squad"
670,"ANEK ธำรงวรกุล"
671,"Little Love Tribe"
672,"Rush & Catch"
673,"Bookish Banter Corner"
674,"Glam Gang Gala"
675,AN-Sync-Test
676,"Work Life Wellness"
677,"Wellness Warrior"
678,"The Gadget Hive"
679,"Trade Expert Network"
680,"Haad Yao Divers"
681,"BoneHealth Recipe Inspirations"
682,"ร้านยาจีพีเมด-GPMED Drugstore"
683,"Pura Vida"
684,"Castel Brook Investing"
685,"PrintPack Innovation Hub"
686,"B9 Community"
687,"Meme mumu"
688,"Test Thrill Community"
689,"GameGenius Guild"
690,"Raccoon Fun Zone"
691,"Ramen Fan Club"
692,"HARPO CAFES RESTAURANTS"
693,ต๊ะครับ
694,"Rokugi shop"
695,"Game Masters Union"
696,"Coastal Fit Club"
697,"Wanderlust Tribe"
698,Cherean
699,"FitFuse Routine Circle"
700,"Savory Squad"
701,"Wellness Challenge Community"
702,"Nature Trek Tribe"
703,"Adventure Alliance"
704,"Odyssey Circle"
705,"Tech Mastery Zone"
706,"SANDEEDEN STEEL"
707,"WellRun Crew"
708,"Trailblazer Fitness Gang"
709,"ForgeFellowship Crew"
710,"IdeaShare Forum"
711,"The Scape"
712,"Glamour Junction Network Beauty Bar Connect Salon Style Society Nail Beauty Tribe"
713,"Neramit Nail,Lash and Brow"
714,"Tar Daily"
715,"TarDaily Thrill Zone"
716,"Tar Daily ch"
717,"Purrfect Art Community"
718,"MuayToday Fight Club"
719,"Buffalo Jungle"
720,"Belgian Beer Bistro"
721,"Bonding Bliss Community"
722,"Creative Tourism Collective"
723,"Pixel Power Players"
724,"Koh Raham"
725,"Este Dia Land"
726,antyie;e
727,"Kapi Sator Restaurant"
728,"Blossom Barter Circle"
729,"Impact Finance Network"
730,"Tech Remote Network"
731,COMMON
732,"Inves United Club"
733,"Testing Skills Collective"
734,"Home Cooking Circle"
735,"Financial Fusion Community"
736,"Charm Samui"
737,"Discover Thailand Web3 Edition"
738,"BizCollab Network"
739,Athena
740,"Live Nightclub Tribe"
741,"Empower Skillset"
742,"สังคม HRJ TNI ยุคใหม่"
743,"Dudka Shop"
744,Friends
745,"Active Living Club"
746,"Wellness Food Hub"
747,"WorkHub Connect"
748,"The One Shopping"
749,"Mindful Voices Collective"
750,"Line Legends Community"
751,"CUID: Center of Innovation and Development"
752,"Green Mobility"
753,"Demi Mall Entertainment Society"
754,"CAT CAR WASH"
755,"บริการสมาชิก พร้อมให้บริการ"
756,"侠侣 Social Hub"
757,"Topgolf Thailand"
758,"e-commerce presentation"
759,"HERO Empowerment Circle"
760,"ช่างซ่อมบ้าน สร้างบ้าน ภาคกลาง กทม อยุธยา และใกล้"
761,สมาคมร้านอาหาร
762,"Joy Boy Network"
763,"Invest Smartly EF"
764,"VinTage '90 Shop"
765,"Invest Club URT"
766,"Mindroot Foundation"
767,"EduConnect NL"
768,"Freedom World Impact"
769,"SME Finance Hub"
770,"The Yoga Retreat"
771,"Addict Success Squad"
772,"Taste Tribe Circle"
773,"Golden Chef Collective"
774,"Mind & Motion"
775,"Wellness Support Squad"
776,"Unity Advocate Network"
777,"Esleep commu."
778,SkinScope
779,BioAlert
780,"Healing Oasis Community"
781,"Creative By Disabled"
782,"Genshin Art grafic Zone"
783,"Breathinng life"
784,"Warning Healthy"
785,"Quick Love Gaming"
786,"BREATHING LIFE"
787,"ReFit Innovators"
788,"Wellness Inspiration Hub"
789,"Ramen Recipe Exchange"
790,"Bake & Grow Community"
791,"The Rolling Pin"
792,"Trendy Fashion Crew"
793,"BA TNI"
794,"At Rice Resort Nakhon Nayok"
795,"The Tech Think Tank"
796,"EcoPet Alliance"
797,"Golf Sim Community"
798,Luggaw
799,"AN Pivot Game"
800,ve/la
801,"Electronic Creative Collective"
802,"Meme Outdoor Escapades"
803,"Golf Skill Boost Club"
804,"Adrenaline Rush Collective"
805,"Vibrant Global Nights"
806,"Epic Nights Abroad"
807,"Bangkok Innovate Night"
808,"Dorm Life Tips"
809,"Plot Twist Society"
810,"Evie's Cookies"
811,"WJ School"
812,"Scholarly Squad"
813,"The MATCHA TOKYO"
814,"Sub-Zero Ice Skate Club"
815,Bluerama
816,"POPPA EMSPHERE"
817,"Garden Glam Squad"
818,"Spark Studio"
819,Sushiya
820,"Manly Fun Familia"
821,"LOONG MALA HOTPOT"
822,"Tech Skill Squad"
823,"Circuit Collaborate"
824,"Beat Harmony Club"
825,"Web3 Tech Hub"
826,Dexter.dev
827,"Soul Organic Restaurant"
828,-
829,"Albert's Macaron"
830,"Seoul Vibe Korean Restaurant"
831,"247 Financial Empowerment & Financial Growth"
832,"Harmony Haven Yoga"
833,"Digital Creativity Collective"
834,"The Yoga Retreat Koh Phangan"
835,"Alpha Scaper"
836,"The Dome"
837,"Wellth Warriors Club"
838,"Artyeshta Tattoo"
839,"Y90 Service Alliance"
840,"Cafe Francesca"
841,"Breath Body Balance"
842,"Tech Tribe Hub"
843,"Sigma Token"
844,"Style Inspire Connect"
845,BTZTH-Testing
846,"Woodstock Bar & Restaurant"
847,"Gadget Gang"
848,"Nineties Coins Sales Squad"
849,"Wake Up! Wakeboarding"
850,"Snooze Sinful Dining"
851,ฟได
852,"Coffee Connextions Cafe & Rooms"
853,"Huski Dog"
854,"Test Service Hub"
855,"ECON SWU"
856,"Samui Travel Gurus"
857,"Paws Playdate Club"
858,"UnLock Network Community"
859,"PK Tours Koh Phangan"
860,"Taboon Restaurant and Cafe"
861,"Tech Mastery Community"
862,"Latin Events"
863,"Bustan Koh Phangan"
864,"DJ Coconut Disco"
865,"Private commu for QA"
866,"Beach Coconuts Bowls Samui"
867,"Earth Tattoo & Art"
868,"Earth Tattoo & Art Koh Phangan"
869,"V Street"
870,"Earth - Tattoo & Art Koh Phangan"
871,"Walu Bowls Bantai"
872,"Walu Bowls Haadrin"
873,"WealthGrow Collective"
874,"YEP Listening Bar"
875,"Aloha Cruises Koh Samui"
876,"Bustan restaurant Koh Phangan"
877,"Coco Loco Dessert Bar & Restaurant"
878,"Kiteflip - Kite & Wing Foil Center Koh Phangan"
879,TechGearZone
880,"DIY Garden Beauty Tribe"
881,"Explore & Create Crew"
882,"La Datcha Cafe"
883,"Eco-friendly Living"
884,"Cybersecurity Forum"
885,"Pet Lovers Network"
886,"Green Thumb Society"
887,"Young Professionals"
888,"Tech Innovators Hub"
889,"Global Foodies"
890,"Eco Innovators"
891,"History Enthusiasts"
892,"Virtual Concert Goers"
893,"Politico Worldwide"
894,"Investing Mentors"
895,"Mystery Book Club"
896,"STEM Education Network"
897,"Cultural Heritage"
898,"Public Speaking Forum"
899,"Retirement Planning"
900,"Fitness Finesse"
901,"Wildlife Conservation"
902,"Hitch Hackers Guide"
903,"Future Mobility"
904,"Film Critics Club"
905,"Women in Tech"
906,"Language Exchange"
907,"Reality TV Fans"
908,"Clean Oceans Initiative"
909,"Curious Parenting"
910,"Start-Up Connect"
911,"Mind Strong"
912,"Alternate Dimensions"
913,"Crime & Punishment"
914,"Scrapbooking Circle"
915,"Historical Fiction Lovers"
916,"Freelancers Hub"
917,"Pottery & Ceramics"
918,"Vintage Collectibles"
919,"Chess Enthusiasts"
920,"Cinephile Collective"
921,"Urban Explorers"
922,"Real Estate Advice"
923,"Smart Home Enthusiasts"
924,"Space Tech Watch"
925,"Bio Lab Project"
926,"Documentary Club"
927,"Anime Addicts"
928,"Drama Series Devotees"
929,"Yoga and Meditation"
930,"Urban Cyclists"
931,"Sustainable Fashionistas"
932,"Model Trains Collectors"
933,"Homebrewing Beer"
934,"Digital Art Creators"
935,"Machine Learning for Beginners"
936,"Philosophy Debates"
937,"Math Puzzles and Brain Teasers"
938,"Crypto Trends"
939,"Young Entrepreneurs"
940,"Wealth Building Basics"
941,"City Planners"
942,"Renewable Energy Innovations"
943,"Plastic-Free Advocates"
944,"Film Photography Enthusiasts"
945,"Book Exchange Club"
946,"World Music Appreciators"
947,"Data Science Network"
948,"Digital Nomads"
949,"Nonprofit Leaders Forum"
950,"Bird Watching"
951,"12th Man"
952,"Virtual Reality Gaming"
953,"AI Beyond"
954,Nanotechnology
955,"Film Critics Circle"
956,"Digital Art Trends"
957,"Vegan Lifestyle"
958,"Mindfulness & Meditation"
959,"Digital Photography"
960,"Craft Beer Brewing"
961,"Coding Bootcamps"
962,"Ancient Civilizations"
963,"Stock Market Analysis"
964,"Budget Travel Hacks"
965,"Green Architecture"
966,"Ocean Conservation"
967,"Poetry Society"
968,"Local History"
969,"Career Change Strategies"
970,"Startup Incubators"
971,"Astro Matrix"
972,"Gourmet Cooking"
973,"Kite & Wing Warriors"
974,TTM
975,"Gadget Land"
976,Curlent
977,Pre-Prd_TH_Bitazza
978,Pre-Prd_GL_Bitazza
979,"Influence Heights Hub"
980,"Ecom Broker Revolution"
981,"Tech Testers Network"
982,"Tether Stablecoins"
983,"Internal Mission Testers"
984,"Social Threads Alliance"
985,Odin
986,"Gamers Unite Community"
987,"🦛 #เจสซีสรุปให้ 📝 💚 WEB3/ Crypto/ AI/ Business"
988,"Jessie & Friends"
989,"Master Crypto Zone"
990,"LKR Products"
991,"Digital Art Collective"
992,"Area Five Cafe"
993,"CoNector Academy"
994,"Success Sellers Hub"
995,"Remote Work Connect"
996,cc
997,"Level Up iPhone Clan"
998,"Visa Experts Hub"
999,MemeConomyFun
1000,"Fishbowl Beach Bar Koh Tao"
1001,"Crypto Tech Wizards"
1002,"Gamer Connect"
1003,"NAVISH OCEAN"
1004,"Celeb Inspire GOLD"
1005,"Codeless Innovators Hub"
1006,"Star Power Collective"
1007,"KUDOS SALON"
1008,"Service Success Network"
1009,"StartUp Tech Tribe"
1010,"Nomad Network"
1011,"Creative Nightlife Collective"
1012,"Glow Remote Beauty Club"
1013,"Digital Sound Hub"
1014,"TravelUnity Remote"
1015,Refill.Coffee
1016,"Venue Venture Tribe"
1017,Arotech
1018,"Airdrop Hub"
1019,"Waltech Fam"
1020,"Cripto Mastery Club"
1021,"Outdoor Family Tribe"
1022,"Whiskey Lovers Forum"
1023,"WEB3 Wealth Builders"
1024,treelancer
1025,"Web3 ART Community"
1026,"Crypto Tribe"
1027,"Cherish Life Together"
1028,"Game Tech Community"
1029,"Diverse Commerce Collective"
1030,"ImpactCrypto Collective"
1031,waryukat
1032,"Garden Secrets Society"
1033,"Night Owls Unite"
1034,"NFT Fit Fam"
1035,"Talent Expo Collective"
1036,"Invest Freedom Hub"
1037,"Innovation Hub Connect"
1038,"Tech Trend Hub"
1039,"Fashion Trade Hub"
1040,"Active Tech Tribe"
1041,"Airdrop Hunter Club"
1042,"Sempolerd Tech Hub"
1043,"Semua Orang Parenting Network"
1044,"Future Tech Collective"
1045,"Crypto Wealth Gurus"
1046,"Brand Fusion Network"
1047,"WEB3 Investment Hub"
1048,"financial freedom ff"
1049,"Analytical Minds Network"
1050,"Garden Growth Exchange"
1051,"Sri Lan Ka Ticket Tech"
1052,"Zen Wellness"
1053,"Smart Money Clan"
1054,"MyBalat Gaming Hub"
1055,"Green Thumb Collective"
1056,"Doctor Health Squad"
1057,"HR Innovation Hub"
1058,"SeedSwap Garden Community"
1059,"Money Minds Collective"
1060,"Degen Crypto Collective"
1061,"Mindful Sports Tribe"
1062,"Jitendra Glow Tribe"
1063,"Thinkpad Tech Tribe"
1064,"Crypto Trend Explorers"
1065,"Crypto Wealth Hub"
1066,"Apex Tech Society"
1067,"Wellness Artist Hub"
1068,"HealthGamer Unity"
1069,"ArtTech Growers Club"
1070,"Bangkok Deejay"
1071,"BangBang Bangkok"
1072,"Local Eats Collective"
1073,"MoiTech Tips Hub"
1074,"Cat Chat Corner"
1075,"Autistic Art"
1076,"Artistry Exchange Network"
1077,"Prang View"
1078,"Limitless Fitness Crew"
1079,"Tech Creative Collective"
1080,"Flavorful Food Finds"
1081,"Airdrop Connection Circle"
1082,"Smart Money Community"
1083,"Wealth Builders Group"
1084,"Thai Spa Association"
1085,"Roon Khanom Khai"
1086,"Seven Knight"
1087,Like
1088,"TrashCode Society"
1089,"Cutting Edge Crew"
1090,"Kanna Taj Sanctuary"
1091,"Chic Crew Test"
1092,"Runtest Service Hub"
1093,"Car Care Collective"
1094,ksana
1095,"Japan and Friends"
1096,"8 Iron Golf Center"
1097,aio
1098,"Battery Boost Club"
1099,"Best of Bangkok by BK Magazine"
1100,"Level Up Gamers"
1101,"CHOM CAFE RESTAURANT"
1102,"Make A Difference Now"
1103,"Boonrod Golf"
1104,"Eco Finance Collective"
1105,"Crypto Compliance Network"
1106,"Salad Styling Squad"
1107,"t1prawanta coins"
1108,"Buddy's Bar Buzz"
1109,"FunFest Community"
1110,"Motor Metro Bangkok"
1111,"Digital Home Harmony"
1112,"GameOn Community"
1113,"Skill Boost Zone"
1114,"Sun's Happy Home Hub"
1115,"illegal tekno rave music"
1116,"Together We Flourish"
1117,"Creative Minds Collective"
1118,"Dry Wave Cocktail Studio"
1119,"GOD BKK"
1120,"The Reading Room"
1121,"Frog Bar"
1122,"LIME by Us"
1123,"OPIUM BAR"
1124,"Tropic City"
1125,SUNDRY
1126,"Mahaniyom Cocktail Bar"
1127,"Bar Yard"
1128,"Nobu Rooftop"
1129,"Penthouse Bar and Grill"
1130,"COM ON BKK"
1131,"Tulum Skybar"
1132,"Fuchsia BKK"
1133,Kohlantakrabilanta
1134,"Thai Tradition Celebrate"
1135,"StrayPups Gang"
1136,"CoWork Connection"
1137,"Ecomm Growth Hub"
1138,Smalls
1139,"Buddha and Pals"
1140,"Blueprint Livehouse"
1141,Jam
1142,"Crimson Room"
1143,"The Old English"
1144,"Kosmo Resto and Bar"
1145,"Cooling Tower Rooftop Bar"
1146,"Chit Beer"
1147,"HAZE bkk"
1148,"CRAFT Sukhumvit 23"
1149,"Burbrit Craft Beer"
1150,"Hair of the Dog"
1151,"No Bar Wine Bar"
1152,"APT 101"
1153,"Flamenco Bangkok"
1154,"Sing Sing Theater"
1155,"CALM Bangkok"
1156,"The Deck Bangkok"
1157,"Escape Bangkok"
1158,Hemingway
1159,"Blue Parrot Bangkok"
1160,"Fattys Bar and Diner"
1161,YOSHIBAR
1162,"Cheap Charlies"
1163,"Allso Bar Bangkok"
1164,"12 x 12"
1165,"BKK Social Club"
1166,"The Loft Bangkok"
1167,"Garden Glory Squad"
1168,"Bar Sathorn"
1169,Ruby
1170,"Bamboo Bar"
1171,Arcadia
1172,"Havana Social"
1173,OFTR
1174,"The OSS Bar"
1175,Lennon
1176,"SIN Rooftop Bar"
1177,"Akara Sky Hanuman"
1178,"Mod Kaew Wine Bar"
1179,"MUST Wine Bar"
1180,"Salon Kiku"
1181,"Sixteen Grapes"
1182,"Palette Artspace"
1183,"Solar Insight Hub"
1184,"Celeb Story Share"
1185,"Artist Empowerment Hub"
1186,"คนเงี่ยน Influence Hub"
1187,"World Thailand"
1188,IQAI
1189,"Ka ching Leather Styling"
1190,"Game Unity Hub"
1191,"Green Thumb Tribe"
1192,"Economy Kanchanaburi"
1193,"Passive Profit Network"
1194,"Coin Wisdom Circle"
1195,Songkhla
1196,"Underground Sound Squad"
1197,เสน่ห์อนิเมะจีน
1198,"Your Mandarin Tribe"
1199,"Cosmic Spirit Tribe"
1200,"Oxygen Tour Koh Tao"
1201,"Ratio Waffle"
1202,NOUSE
1203,Sompohnpak
1204,"We bring together Digital Health & Wellness enthus"
1205,"Hazbin Hotel"
1206,"LearnShare Grow Inspire"
1207,"Online Boost Collective"
1208,"A Few Shells in the OBX"
1209,"Tour Passion Network"
1210,"Pla Nemo"
1211,"ChaaChaa Malatang"
1212,"Blockchain at MUIC"
1213,"Freedom Planets obsolete"
1214,"Virtual EdSwap Workshop"
1215,"Trendsetters Union"
1216,"Trend Tribe"
1217,"Global Custom Crew"
1218,"Recipe Swap"
1219,"TOCHIO DONUT"
1220,"Wealthy Tech Innovate"
1221,"Mark 1 Street Crew"
1222,"Good Afterwork"
1223,"Freedom Coffee"
1224,"The Chirp Chirp Friends"
1225,"Ming Prod community"
1226,"Botanical Healing Community"
1227,"Glam Squad Hub"
1228,"Thai Grill Friends"
1229,"Football Fusion Community"
1230,"Game On Alliance"
1231,"Tohkio Gaming Hub"
1232,"Digital Sound Nexus"
1233,"Ugfify Victory Squad"
1234,"Unity for ASKRBB"
1235,"Tournament Thrive Zone"
1236,"Trading Triumphs Community"
1237,"Spark Tech Tribe"
1238,"Revano Battle Arena"
1239,"Event Creativity Exchange"
1240,"Harmony for Gurfj"
1241,Time
1242,"Group Gaming Fiesta"
1243,"Scape Heroes League"
1244,"Gamer Strategy Squad"
1245,"Dyfyd Sound Space"
1246,"Tech Tribe"
1247,"Gamers Unite Now"
1248,"Battle Zone Crew"
1249,"Sustainable Cleaning Crew"
1250,"Coffee Connoisseur Collective"
1251,"Pet Wellness Tribe"
1252,"Beat Discovery Hub"
1253,"Level Up Lounge"
1254,"The Nightlife Nest"
1255,"Baked by Apple"
1256,"PK Media Network"
1257,"Culture Blend Collective"
1258,"GameOn Book Club"
1259,"Style Maven Network"
1260,"Fashion Forward Fam"
1261,"Depin Tech Forward"
1262,"Boundless Electronics Bazaar"
1263,"Nakhon Caring Network"
1264,"Unknown StroM"
1265,"GENIUS CONNECT"
1266,"Pets & Pals Club"
1267,"Level Up Clan"
1268,"Kkrr0984 Pet Care Clan"
1269,"Green Connect"
1270,"Epic Gaming Guild"
1271,jitdermtae
1272,"Thai Wealth Network"
1273,"Flavorful Work Hub"
1274,"Level Up Together"
1275,"United by Cats"
1276,"Chill Zone Arena"
1277,"Culinary Fanclub Hub"
1278,"Rap Fusion Network"
1279,"edited Marketing hub"
1280,"Gadgets Guru Circle"
1281,"Qa fdw 01"
1282,"Online Biz Rise"
1283,"Qa fdw 03"
1284,"Game Squad Hub"
1285,"Crypto Edukasi Hub"
1286,"Baby Tips Exchange"
1287,"Joyful Game Gatherings"
1288,"Tech Art Tribe"
1289,Yangnai
1290,"Thai Style Collective"
1291,"Khemsud Unity Network"
1292,"CIB Social Club"
1293,"Gaming Victory League"
1294,"Biz Buddies Hub"
1295,"Home on the Move"
1296,"Reality Shifters Society"
1297,"Boss Cup Gaming Hub"
1298,TogetherClub
1299,"Genetic Fusion Reptiles"
1300,"Innovate Now Society"
1301,"Law Money Mastery"
1302,"Social Freedom Thai Group"
1303,"CycleFit Tribe"
1304,"JoeMajor Hub"
1305,"Thunder Level Up Lounge"
1306,Ggez
1307,"Home Harmony Hub"
1308,"Playmobil World Explorers"
1309,"Derterrer Gamer Network"
1310,TheGoldenTribe
1311,"SBK Sri Lanka"
1312,"Teamwork & Play"
1313,"Brew Buddies Club"
1314,"Freedom Game Hub"
1315,"Connect Play Level Up"
1316,"Tech for Food"
1317,"Culinary Tech Hub"
1318,"Lens Legacy Community"
1319,"Ta27032536 Fan Zone"
1320,"Style Fusion Hub"
1321,Antcave
1322,"Tt merchant01"
1323,"Speed Society Hub"
1324,"Rise & Learn Community"
1325,"South FL Social Squad"
1326,"Thai Game Community"
1327,"Collaborate Connect Grow"
1328,"GrowTogether 420 Community"
1329,"Thai Choc Creations Collective"
1330,"Electronic Experts Hub"
1331,"Home Chef Haven"
1332,"Chill Cannabis Community"
1333,"GameChanger Hub"
1334,"Fur Family Hub"
1335,Cooking
1336,"Stemcell Theraphy"
1337,LungNeua
1338,"DIY Skoolie Squad"
1339,"Robin community"
1340,"Outdoor Squad"
1341,"Tech Wizard Tribe"
1342,Smiski
1343,"Test Drive Clan"
1344,"eCommerce Collaborative Hub"
1345,"Soi Dog Foundation"
1346,Kintaam
1347,"UNDEAD Gaming Group"
1348,"Idea to Action Collective"
1349,"EduBiz Masterminds"
1350,"Success United Network"
1351,"Artistic Gamer Network"
1352,"Everything Jingle Bell"
1353,"Drive Passion Community"
1354,"Tech Art Connection"
1355,"Fashion Flock 254122"
1356,"เล่นเกม แห่งการเดินทาง"
1357,"Knowledge Exchange Hub"
1358,"Wa R"
1359,"China eCommerce Connect"
1360,"Financial Freedom Network"
1361,"NuYun Tech Hub"
1362,"Th Digital Society"
1363,"Pon Hobby Hub"
1364,"Furry Friends Thai Meetup"
1365,"Sri Lanka Dance Festival"
1366,"Play Together"
1367,"The King Network"
1368,"SAS Thailand"
1369,"Texas Confederation"
1370,"Bro Services Squad"
1371,"Wellness Warriors Teen"
1372,"Innovate Elec Tribe"
1373,"Fun Memories Collective"
1374,"Level Up United"
1375,"Me Fun Game Hub"
1376,"OpoTech Connect"
1377,"Little Ones Squad"
1378,"Thai Cryptocurrency Exchange"
1379,"Tech Fusion Hub"
1380,"Gaming ของลูกจ้างชั่วคราว"
1381,"Scape Collaborative Circle"
1382,"Niubi Tech Talk"
1383,"MsXRIG Trail Blazers"
1384,"Electronica Educators Hub"
1385,Stylish
1386,"Tuk Tuk Rentals"
1387,"TukTuk Rental Sri Lanka"
1388,"Crypto Investment Club"
1389,"Refine Coffee Roaster TCDC"
1390,Savor
1391,"Mandahasa 2025"
1392,"MeWell Community"
1393,"Upali's by Nawaloka"
1394,"Airdrop Allies Community"
1395,"Rico's Sathorn"
1396,"Tech & Trade community Thailand"
1397,"Teety Scoops"
1398,"Bruce Empire"
1399,"Pet Allies Club"
1400,"Fight & Trade Hub"
1401,"Artistic Gaming Minds"
1402,"Investor Unity Clan"
1403,Haroybkk
1404,"LOCALS HDY"
1405,"Nomads Recharge"
1406,Yuutako
1407,GameForge
1408,"Tech Builders"
1409,"KHK Culinary Club"
1410,"Friendship Circle"
1411,"Pet Love League"
1412,"Coco Tip Adventures"
1413,"Thana City Country Club"
1414,"Pizza Hut - Sri Lanka"
1415,"Pizza Lovers Club"
1416,Cyberpunk
1417,"Friend Coffee and Bar"
1418,"Scape Growth Exchange"
1419,"Ride Revival Clan"
1420,"Anant Ja Pan Chayen"
1421,"Ezrathen Homies"
1422,"Drive Ninja Revamp"
1423,"Ninja Unity Force"
1424,"Beauty Work Squad"
1425,"Itachi Gamers"
1426,"TechFit Hub"
1427,"Elite Fun Zone"
1428,"Beauty Trendsetters Forum"
1429,"Ristr8to Original"
1430,Pawsome
1431,"Toting Joy Squad"
1432,"317 Influence Tribe"
1433,"Yaa Pet Pals"
1434,HatyaiX
1435,"Future Tech Force"
1436,RestingNest
1437,"Cozy Living Solutions"
1438,"Joyful Edm Society"
1439,"Note13 Pro Collective"
1440,piyapong
1441,"Graphics Collaborate Crew"
1442,"Bishop Capitals"
1443,"Tech Event Enthusiasts Connect"
1444,"The Adoptable Puppy Cafe and Thai Dogs Matter"
1445,"Freedom BD"
1446,"Artistic Fashion Collective"
1447,"Connect Tech Thailand"
1448,"RiNn Refined Thai Tea"
1449,"Zucca Cafe"
1450,"Joyful Gamer Clan"
1451,"Electro Sound Tribe"
1452,"Earth Advocates League"
1453,"The Way Station"
1454,baobao1688
1455,"BkkThai Game Masters"
1456,"Pubudu Gaming Circle"
1457,Ko
1458,UniteMission
1459,"May The Ripper"
1460,"Outdoor Enthusiasts Hub"
1461,Goodఊఃఊశ
1462,"KASETphat Social Clubhouse"
1463,Bitazza101
1464,"Jj Wind United"
1465,"Wealthy Token Tribe"
1466,"Whisker Tales Hub"
1467,"Ecomm Test Crew"
1468,"Wishlist Studio"
1469,"Fade away"
1470,"Freedom World Trade Hub"
1471,"Among Us Pet Forge"
1472,"Scape Store"
1473,"All Gaming Hub"
1474,"Epic Gamers Hub"
1475,FILMOG
1476,"Radiant Zen Clan"
1477,"Game Freedom Society"
1478,"Trendy Work Chic"
1479,"Suranga Orderly Living Collective"
1480,Wheels
1481,"Playtime Community Hub"
1482,"Chic Thai Fashion Hub"
1483,"Fit Fam Unity"
1484,"OMAJURE Innerlight"
1485,"YesGaming Universe"
1486,"TOKbom Strength Circle"
1487,"PDS Exchange Zone"
1488,"Ruyicha Hatyai"
1489,"Waggy Wellness Crew"
1490,"Freedom Game Squad"
1491,"After Dark Family"
1492,Arm
1493,"Nakon's Tech Home Forum"
1494,"Takibi Izakaya"
1495,"Gohub Noodles Seenspace"
1496,"Melody Mix Masters"
1497,"GameFi Fusion"
1498,"Go Noo Support Hive"
1499,"Amped Tech Tribe"
1500,"TechWave Innovators"
1501,gggdd
1502,Nop
1503,"Thong Urai Cafe and Paw Made Painting"
1504,"Inspire & Jam Network"
1505,"Innovate Inspire Connect"
1506,"Amped Free Crew"
1507,KONMEKCAFE
1508,GamingTH
1509,"Praew28 Plays Together"
1510,"Financial Freedom Crew"
1511,Mliang
1512,"FDM COMMUNITY"
1513,"Crypto Indian Hub"
1514,"Tech Fusion Community"
1515,"Mindful Self Discovery"
1516,"Foodie Flavor Exchange"
1517,"Fanny's Food Fiesta"
1518,"ICE HOUSE by Bangkok Ice Baths"
1519,"Zen Pet Community"
1520,"Gamer Gang Mopp"
1521,"Playful Family League"
1522,"Thai Community Hub"
1523,"Game On Friends"
1524,"Style Support Squad"
1525,Trofe
1526,ครัวพลังต้ม
1527,"Pinoy Gaming Squad"
1528,"Game Trade Network"
1529,"Future Tech Investors"
1530,"Creative Influence Club"
1531,"UX UI Goats"
1532,"Gaming Tips Hub"
1533,"TechBoost Remote Workers"
1534,"Lot of Taste"
1535,"Play Together Now"
1536,"Wellness 200 Tribe"
1537,"TechYes Hub"
1538,"Morrow coff"
1539,TAM
1540,"Chuti Ed Noonan32"
1541,"Creative Repair Circle"
1542,"The Guild"
1543,TycoonThrift
1544,"Beans of us Coffee Roaster"
1545,"Freedom Connect PH"
1546,freedomPinoys
1547,"Explore PH Together"
1548,"TEDS Coffee & Eatery"
1549,"Great Shot Bar CNX"
1550,"Max Connect Hub"
1551,ShadowMonarchPH
1552,"Online Biz Collective"
1553,"Family Home Hacks"
1554,"Creativity Hub"
1555,
1556,"Optimize SaaS Transports"
1557,"Glamour Zone"
1558,"ST Gaming Hub"
1559,Blue's
1560,"Wellbeing Donors Group"
1561,"InnovateTech Hub"
1562,"Chai Kitchen Club"
1563,"Fintech Summit SL"
1564,"Strategy Masters League"
1565,"Elite Gamer Exchange"
1566,"PLAAI Play Hotel Rayong"
1567,"Power of Crypto"
1568,Y
1569,"Gamers United Hub"
1570,"Diverse ZON MY Fest"
1571,"Innovate Together Now"
1572,"Skill Up Gaming Crew"
1573,"The Scape - Thailand"
1574,"The Scape - Philippines"
1575,"The Scape - Malaysia"
1576,"The Scape - Singapore"
1577,"Freedom World - Thailand"
1578,"Coffee Shop Crew"
1579,"Well Coffee Station"
1580,Scoopify
1581,"Analysts Unite: Gaming"
1582,Wii
1583,"Revenue Drive Network"
1584,"Thank Fashion Tribe"
1585,"Fashion Fusion Tribe"
1586,"Fashion Fusion Club"
1587,"PlayerPulse Gaming Squad"
1588,nouse1
1589,"Inthanin Ladkrabang branch"
1590,"VIP Gentlemen Hub"
1591,"Gentlemen's Club Hub"
1592,"James' Home Hub"
1593,"Inspire. Connect. Create."
1594,"Wanderlust Wonders Club"
1595,"Garden Inspiration Circle"
1596,"Ever After Ella SriLanka"
1597,"Betta Fish"
1598,"Crypto News"
1599,"Babel Bridge"
1600,"Glam Hai Hub"
1601,"Electric Era"
1602,"Dazan Gang"
1603,"Kitte14 Social Hub"
1604,"Workser AI"
1605,"Creative Office Gamers"
1606,"เทค เกม ไม่"
1607,Zx
1608,"Glow Enthusiasts Hub"
1609,"Tasty Recipe Junction"
1610,"Level Up Squad"
1611,"Digital Freedom League"
1612,"Cethaphra Travel Hub"
1613,"Filipino Gaming Hive"
1614,"Polyglot Party Place"
1615,Longano
1616,"Pai Do See Resort"
1617,"Molecule Herb"
1618,"BOB Coffee"
1619,"Torfun noodle"
1620,"Forest Bake"
1621,"Creatives for Change"
1622,"ProFit Alliance"
1623,"Filipino Community"
1624,"เกี๊ยว Food Fellowship"
1625,"Hollo kitty"
1626,"JAI Loy Cafe&Rooftop"
1627,"Remote Mindfulness Hub"
1628,"Borneo Gamers Unite"
1629,"Transportation Tribe Talks"
1630,T888
1631,"NFT Market Pulse"
1632,"Digital Freex Hub"
1633,เงินเข้าใจเอง
1634,"Go Jai Foodie Hub"
1635,Jesajie
1636,"Freedom Friends and Gaming"
1637,"Healing Harmony Hub"
1638,"Pinoy Gaming Hub"
1639,"Conserve Natural Forests"
1640,"Electronic Elite Burirum"
1641,"WLD Cinema Collective"
1642,เทคนิคอิเล็ก
1643,Anucha
1644,เทคโนโลยีสุดล้ำ
1645,"Eco Warriors Community"
1646,"CLÉ cafe and eatery"
1647,"12345 Household Hub"
1648,Suer1471zZ
1649,"The White Rabbit Ella"
1650,"Cafe Belle Ella"
1651,"Tomato Beauty Network"
1652,"Peuan Peuan"
1653,"Nexus community of fuel oil"
1654,"Smart Tech Alliance"
1655,"Kor cafeandstudio"
1656,"Heartening cafe"
1657,"KML Gaming"
1658,"Scape trade item"
1659,"Adventure Travels"
1660,"Destination Dreams"
1661,"Radiant Circle"
1662,"Licenced by Yohani Official Community"
1663,"KOM COFFEE"
1664,"Sustainable Nature Network"
1665,"Electra Lytg Connect"
1666,Coininvestnext
1667,"Thai Wilderness Warriors"
1668,"Ella Yoga Hub Village"
1669,"Yoga Ella"
1670,"TrendTech Collective"
1671,"Conversion Champions"
1672,GUIDE
1673,WGP
1674,"Sports Tribe 209"
1675,"Headache game"
1676,"Theebans cookery class"
1677,"Robarosia wasanthaya"
1678,"Clubhouse Exchange"
1679,"Oskar Bistro Bangkok"
1680,"Gigi Ristorante"
1681,"Gigi Eatery Asoke"
1682,"Gigi Eatery Ekkamai"
1683,"Iron Balls - The Parlour"
1684,"Lily Fu's"
1685,"Tropang Gamers PH"
1686,"Fintech Gamers Unite"
1687,"Dark Alone Gaming"
1688,"Electro Fest Thai"
1689,"Entrepreneurs Unite Now"
1690,"Invest+Explore Community"
1691,"งั้น Digital Wave"
1692,"Victory Squad"
1693,"X Files Gaming Hub"
1694,"Wealth Builders Network"
1695,"Chuwie Clinic"
1696,"Power Amulets Connect"
1697,"Synth Vibes Collective"
1698,"Electro Creative Minds"
1699,"Ferry Friends Alliance"
1700,"GameZone ตัวเอง"
1701,"Thai Players Club"
1702,NONAMEgamingTH
1703,"Bonjour Bonsoir"
1704,"Preppy P"
1705,"Coin Gaming Hub"
1706,Ginventure
1707,"Careji Gaming Hub"
1708,"Beautify Marketing League"
1709,"The Etv Gaming Hub"
1710,"Pungpung Pet Party"
1711,"Pungpung Pet Care Hub"
1712,"Tech Talk Hub"
1713,"Device DIY Crew"
1714,"GameMax Masters"
1715,"Money Barter"
1716,"Unity for Thailand"
1717,"LevelUp Squad"
1718,"SOS CRAFT BEER & BURGER"
1719,"Electro Ego Network"
1720,"Freedom Corporate Benefits"
1721,"IncomeBoost ElecFam"
1722,"Lingua Gamers Club"
1723,"Home Harmony by Connor"
1724,LoveYou
1725,"Zack's Electronic Empire"
1726,"Brainwave Tribe"
1727,"ZL Performance"
1728,"Brad's Nightlife Hub"
1729,Friendrocket
1730,"Dog Rescue Mae Phim Foundation"
1731,"Groobglace bkk"
1732,"Invest Together Now"
1733,"Choch Songwat"
1734,"Transport Artisan Guild"
1735,"Digital Thai Connect"
1736,"Electric Tech Connect"
1737,"Eat Travel Connect"
1738,Myself1
1739,"Elite Gaming Warriors"
1740,"Skill Swap Society"
1741,"Wellness Arnon Rui Collective"
1742,Myself2
1743,"Skillful Ball Stars"
1744,"Hero Beauty Tribe"
1745,"Bitfreebom Allies"
1746,"Somewhere in Songwat"
1747,天空健身社
1748,"Good Vibes Only"
1749,"Ek Teng Phu Ki"
1750,"your carry me"
1751,"Wild Kunya Explorers"
1752,"EduCollab Community"
1753,Roxk
1754,"Nostalgia Bliss Zone"
1755,"Cinéphile Circle"
1756,"Eggplant Smoothie & Juice Bar"
1757,"Auto TLC Tribe"
1758,"TechTalent Exchange"
1759,"Study Squad Hub"
1760,"Success Seekers Hub"
1761,美味しいレストラン
1762,"Thai Game Collective"
1763,"Teacher Vitality Circle"
1764,"Electronix Go Network"
